setting,HR@10,NDCG@10,MRR@10,users
Full,0.2676056338028169,0.20668424947784647,0.18675385647216633,71
w/o Behavior,0.23943661971830985,0.20411666013687668,0.1924882629107981,71
w/o Temporal,0.08450704225352113,0.047149150668256055,0.03650234741784038,71
w/o Spatial,0.0,0.0,0.0,71
