setting,HR@10,NDCG@10,MRR@10,users
w/o Behavior,0.22535211267605634,0.178264776790438,0.16281019450033532,71
Full,0.19718309859154928,0.1596937018988565,0.14802146210596914,71
w/o Temporal,0.028169014084507043,0.011082869650442468,0.005868544600938967,71
w/o Spatial,0.0,0.0,0.0,71
