setting,HR@10,NDCG@10,MRR@10,users
w/o Behavior,0.26865671641791045,0.2169808284459076,0.20088841506751953,67
Full,0.23880597014925373,0.16588947960638595,0.14315920398009951,67
w/o Temporal,0.04477611940298507,0.026328505841891437,0.020788912579957356,67
w/o Spatial,0.0,0.0,0.0,67
