model,HR@10,NDCG@10,MRR@10,users
ItemCF,0.746268656716418,0.746268656716418,0.746268656716418,67
BERT4Rec-lite,0.5522388059701493,0.5200499123550374,0.509950248756219,67
MBA-lite,0.6119402985074627,0.47975511208707705,0.4360696517412936,67
ST-GNN(ours),0.2537313432835821,0.2311512976220818,0.22388059701492538,67
PopRec,0.0,0.0,0.0,67
LightGCN-lite,0.0,0.0,0.0,67
