setting,HR@10,NDCG@10,MRR@10,users
w/o Behavior,0.23880597014925373,0.21733740763649032,0.21019900497512436,67
Full,0.208955223880597,0.1745154636599449,0.16293532338308456,67
w/o Temporal,0.029850746268656716,0.016879548560768023,0.01243781094527363,67
w/o Spatial,0.0,0.0,0.0,67
