setting,HR@30,NDCG@30,MRR@30,users
Full,0.29577464788732394,0.226816888044865,0.20553319919517102,71
w/o Behavior,0.2535211267605634,0.2023330490774393,0.1881455399061033,71
w/o Temporal,0.15492957746478872,0.06373412505015631,0.04090597223185858,71
w/o Spatial,0.0,0.0,0.0,71
