setting,HR@10,NDCG@10,MRR@10,users
w/o Behavior,0.22535211267605634,0.19891848765196765,0.19014084507042253,71
Full,0.2112676056338028,0.1618599498896473,0.1460093896713615,71
w/o Temporal,0.08450704225352113,0.04834022195221585,0.03779342723004695,71
w/o Spatial,0.0,0.0,0.0,71
