model,HR@10,NDCG@10,MRR@10,users
ItemCF,0.0125,0.007886621919643219,0.00625,80
ST-GNN(ours),0.0125,0.005383456975917413,0.003125,80
PopRec,0.0,0.0,0.0,80
BERT4Rec-lite,0.0,0.0,0.0,80
LightGCN-lite,0.0,0.0,0.0,80
MBA-lite,0.0,0.0,0.0,80
