model,HR@10,NDCG@10,MRR@10,users
BERT4Rec-lite,0.03535353535353535,0.024182661294663944,0.020763187429854096,198
MBA-lite,0.020202020202020204,0.010852516212722535,0.008086820586820587,198
ItemCF,0.010101010101010102,0.006373027813853106,0.005050505050505051,198
PopRec,0.005050505050505051,0.0016835016835016834,0.0007215007215007215,198
LightGCN-lite,0.0,0.0,0.0,198
ST-GNN(ours),0.0,0.0,0.0,198
