setting,HR@10_mean,HR@10_std,NDCG@10_mean,NDCG@10_std,MRR@10_mean,MRR@10_std
Full,0.244898,0.028862,0.181529,0.023537,0.161237,0.022625
w/o Behavior,0.204082,0.028862,0.167815,0.015308,0.15639,0.011923
w/o Spatial,0.0,0.0,0.0,0.0,0.0,0.0
w/o Temporal,0.091837,0.014431,0.048224,0.008661,0.034807,0.007536
